peptide_seq,start_res,end_res,time,D_inc,score
VAAGAEHTAA,177,186,10.002,0.20,5
VAAGAEHTAA,177,186,30,0.30,5
VAAGAEHTAA,177,186,100.002,0.80,5
VAAGAEHTAA,177,186,300,0.40,5
VAAGAEHTAA,177,186,1000,0.80,5
VAAGAEHTAA,177,186,3000,1.00,5
VAAGAEHTAA,177,186,10000,1.20,5
VAAGAEHTAA,177,186,30000,1.40,5
VAAGAEHTAA,177,186,100000,2.10,5
VAAGAEHTAA,177,186,10.002,0.30,5
VAAGAEHTAA,177,186,30,0.30,5
VAAGAEHTAA,177,186,100.002,0.80,5
VAAGAEHTAA,177,186,300,0.50,5
VAAGAEHTAA,177,186,1000,0.80,5
VAAGAEHTAA,177,186,3000,1.00,5
VAAGAEHTAA,177,186,10000,1.30,5
VAAGAEHTAA,177,186,30000,1.40,5
VAAGAEHTAA,177,186,100000,2.40,5
